small_chapter	lecture_unit_id	lecture_unit_content	example_id	example_template	example_condition	example_script	quiz_type	quiz_wronganswer	eval_func_def				
소수와 합성수	1	(정의1+성질)소수	1	2,3,5,7,11,...	-	소수의 예시는 2,3,5,7,11과 같은 것들이 있습니다.	모두 고르기	0, 1, 4, 6,9	-				
소수와 합성수	2	(정의1+성질)합성수	2	4,6,8,10,12,...	-	합성수는 4,6,8,10,12와 같은 것들이 있습니다.			-				
소수와 합성수	3	(과정)에라토스테네스의 체	3	-	-	-	-	-	-				
거듭제곱	4	(정의3+성질)거듭제곱 1. 거듭제곱 2. 밑 3. 지수	4	-	-	-	-	-	-				
소인수분해	5	(정의3)소인수분해 1. 인수 2. 소인수 3. 소인수분해	5	$[x] = [primes] $	{"[x]" : "CHOOSE\t1\t12,18,30\t", "[primes]" : "EVAL\tfactorint([x])"}	[x]는 [primes]와 같은 소수들의 곱으로 표현됩니다. 이렇게 소수들만의 곱으로 표현하는 것을 소인수분해라고 합니다.	객관식 빈칸	-a \times b \times c ... a \times (b+1) \times c ...	function factorint(n){ var factors = [], divisor = 2; while(n>2){ if(n % divisor == 0){ factors.push(divisor); n= n/ divisor; } else{ divisor++; } } return factors; }				
소인수분해	6	(과정)소인수분해	6	1. $[x] = [a] \times [b]$ ... n. $[x] = [factors]$	{"[x]" : "CHOOSE\t1\t12,18,30\t", "[factors]" : "EVAL\tpretty_print(factorint([x])), "[a]": "EVAL\tfactorint([x])[0]", "[b]": "EVAL\tfactorint([x])[1]" }	1. [x]는 먼저 [a]로 나누어떨어집니다. 따라서 [x]는 [a]와 [b]의 곱으로 표현되죠. 2. 그런식으로 쭉쭉 소수가 아닌 부분을 나눠가다보면 더 이상 나눠지지 않는 시점이 옵니다. 3. n번으로 표현된 형태가 최종적인 소인수분해의 결과물입니다.	-	-	function pretty_print(factor_list){     return " \times ".join(factor_list) }				
소인수분해	7	(성질)자연수 a^n의 약수와 약수의 개수	7	-	-	-	-	-	-				
소인수분해	8	(성질)소인수분해를 이용하여 약수 구하기	8	-	-	-	-	-	-				
최대공약수	9	(정의2+성질)최대공약수 1. 공약수 2. 최대공약수	9	-	-	-	-	-	-				
최대공약수	10	(정의)서로소	10	-	-	-	-	-	-				
최대공약수	11	(과정)최대공약수 (1)	11	1. $[a] = [a_factored]$ $[b] = [b_factored]$ 2. $( [a]와 [b]의 최대공약수 ) = [c_factored] = [c]$	{"[a],[b]" : "PAIRCHOOSE\t1\t12_18,12_30, 18_30\t", "[a_factored]":"EVAL\tpretty_print(factorint([a]))", "[b_factored]":"EVAL\tpretty_print(factorint([b]))", "[c]":"EVAL\tgcd([a],[b])", "[c_factored]":"EVAL\tpretty_print(factorint([c]))"}	이 과정은 소인수분해를 이용해서 최대공약수를 구하는 방법입니다. 1. 먼저 [a]와 [b]를 소인수분해 합니다.  2. 그러면 [a]와 [b]의 최대공약수는 공통된 인수 부분입니다. 따라서 [c]가 됩니다.	-	-	function gcd(int1, int2) {    var fac1, fac2 = factorint(int1), factorint(int2);    new_fac = fac1.filter(value => fac2.includes(value));    ret = 1;    var i;    for (i=0; i<new_fac.length; i++) { ret*=new_fac[i];}    return ret; }				}
최대공약수	12	(과정)최대공약수 (2)	12	1. [a1] [b1] [c1] 2. [d1] | [a2] [b2] [c2] 3. [d2] | [a3] [b3] [c3] 4.  $(최대공약수) = [d1] \times [d2] = [e]$	{"[a1],[b1],[c1]" : "PAIRCHOOSE\t1\t12_24_30,12_18_24\t", "[d1]": "EVAL\t2", "[a2]" : "EVAL\t[a1]/[d1]", "[b2]" : "EVAL\t[b1]/[d1]", "[c2]" : "EVAL\t[c1]/[d1]", "[d2]" : "EVAL\t3", "[a3]" : "EVAL\t[a2]/[d2]", "[b3]" : "EVAL\t[b2]/[d2]", "[c3]" : "EVAL\t[c2]/[d2]", "[e]": "EVAL\t[d1]*[d2]"} 	이 과정은 나눗셈을 이용해서 최대공약수를 구하는 방법입니다. 1. 먼저 여러개의 수를 다음과 같이 늘어놓고 2. 공통인 약수로 나눕니다. 예를 들어 [d1]로 나눌 수 있겠죠? 3. 다음으로 공통인수인 [d2]로 나눠줍니다. 4. 그 동안 나눠준 숫자들을 모두 곱해주면 그 결과인 [e]가 공약수가 됩니다.	-	-	-				
최대공약수	13	(성질)최대공약수의 활용	13	-	-	-	-	-	-				
최소공배수	14	(정의2+성질)최소공배수 1.공배수 2.최소공배수	14	-	-	-	-	-	-				new HYPER.HyPoint(new HYPER.HyPosition(-1,0),0xff0000,7);
최소공배수	15	(과정)최소공배수 (1)	15	1. $[a] = [a_factored]$ $[b] = [b_factored]$ 2. $( [a]와 [b]의 최소공배수 ) = [c_factored] = [c]$	{"[a],[b]" : "PAIRCHOOSE\t1\t12_18,12_30, 18_30\t", "[a_factored]":"EVAL\tpretty_print(factorint([a]))", "[b_factored]":"EVAL\tpretty_print(factorint([b]))", "[c]":"EVAL\tlcm([a],[b])", "[c_factored]":"EVAL\tpretty_print(factorint([c]))"}	이 과정은 소인수분해를 이용해서 최소공배수를 구하는 방법입니다. 1. 먼저 [a]와 [b]를 소인수분해 합니다.  2. 그러면 [a]와 [b]의 최소공배수는 공통인 소인수와 공통이 아닌 소인수를 모두 가져와서 곱한 결과입니다. 따라서 [c]가 됩니다.	-	-	function lcm(int1, int2) {    var fac1, fac2 = factorint(int1), factorint(int2);    new_fac = [...new Set([...fac1, ...fac2])];    ret = 1;    var i;    for (i=0; i<new_fac.length; i++) { ret*=new_fac[i];}    return ret; }				new HYPER.HyPoint(new HYPER.HyPosition(2,0),0xff0000,7);
최소공배수	16	(과정)최소공배수 (2)	16	1. [a1] [b1] [c1] 2. [d1] | [a2] [b2] [c2] 3. [d2] | [a3] [b3] [c3] 4.  $(최대공약수) = [d1] \times [d2] = [e]$	{"[a1],[b1],[c1]" : "PAIRCHOOSE\t1\t3_30_15,20_9_15\t", "[d1]": "EVAL\t3", "[a2]" : "EVAL\t[a1]/[d1]", "[b2]" : "EVAL\t[b1]/[d1]", "[c2]" : "EVAL\t[c1]/[d1]", "[d2]" : "EVAL\t5", "[a3]" : "EVAL\t[a2]/[d2]", "[b3]" : "EVAL\t[b2]/[d2]", "[c3]" : "EVAL\t[c2]/[d2]", "[e]": "EVAL\t[d1]*[d2]*[a3]*[b3]*[c3]"} 	이 과정은 나눗셈을 이용해서 최대공약수를 구하는 방법입니다. 1. 먼저 여러개의 수를 다음과 같이 늘어놓고 2. 두 수 이상의 공약수로 나눕니다. 예를 들어 [d1]로 나눌 수 있겠죠? 3. 다음으로 공약수인 [d2]로 나눠줍니다. 4. 모든 수가 서로소이므로 그만 나누고, 그 동안 나눠준 숫자들과 결과로 나온 숫자들까지 모두 곱해주면 그 결과인 [e]가 최소공배수가됩니다.	-	-	-				new HYPER.HyText('(-1,0)', new HYPER.HyPosition(-1,0.2))
최소공배수	17	(성질)최소공배수의 활용	17	-	-	-	-	-	-				new HYPER.HyText('(2,0)', new HYPER.HyPosition(2.3,0.2))
정수와 유리수	18	(정의2)양수와 음수 1.양수 2.음수	18	[a], [b], [c], [d]	{"[a]" :"NUM\tint\t1,5\t", "[b]":"NUM\tint\t-5,-1\t", "[c]": "NUM\tdec\t1,5\t", "[d]":"NUM\tdec\t-5,-1\t" }	[a]와 [c]는 0보다 크므로 양수이고, [b]와 [d]는 0보다 작으므로 음수입니다.	-	-	-				new HYPER.HyText('y = x^2 - x -2', new HYPER.HyPosition(1,3))
정수와 유리수	19	(정의3)정수 1.양의정수 2.음의정수 3.정수	19	[a], [b], [c]	{"[a]" :"NUM\tint\t1,5\t", "[b]":"NUM\tint\t-5,-1\t", "[c]": "EVAL\t0" }	[a]는 양의 정수에 속하고, [b]는 음의 정수에 속합니다. [c]는 양의 정수도, 음의 정수도 아니지만 정수에 속합니다.	-	-	-				
정수와 유리수	20	(정의3+성질)유리수 1.양의유리수 2.음의유리수 3.유리수	20	[a], [b], [c]	{"[c]" :"NUM\trat\t1,5\t", "[b]":"NUM\tdec\t-5,-1\t", "[a]": "NUM\tint\t1,10\t" }	[a]와 같은 정수들도 유리수에 속합니다. [b]와 [c]는 정수가 아닌 유리수입니다.	-	-	-				
절댓값과 대소 관계	21	(정의)절댓값	21	([a]의 절댓값)  $= |[a]| = [b]$ ([c]의 절댓값) $= |[c]| = [d]$	{"[a]":"NUM\tdec\t1,5\t", "[c]":"NUM\tdec\t-5,-1\t", "[b]":"EVAL\t[a]*([a]>0)", "[d]":"EVAL\t[b]*([b]>0)"}	절댓값은 원점에서 떨어진 거리이기 때문에 양수면 자기 자신, 음수면 부호를 제거하면 됩니다. 따라서 [a]의 절댓값은 [c]이고, [b]의 절댓값은 [d]입니다.	-	-	-				
절댓값과 대소 관계	22	(성질)절댓값	22	21번과 통합 가능			-	-	-				
절댓값과 대소 관계	23	(성질)수의 대소 관계	23	[a] < [b], [c]<[d], [e]<[f]	{"[b]":"NUM\tint\t1,5\t", "[a]":"NUM\trat\t-1,1\t", "[c]":"NUM\tint\t-10,-5\t", "[d]":"NUM\tint\t1,5\t", "[e]":"NUM\trat\t1,3\t", "[f]":"NUM\trat\t3,5\t"}	두 수를 비교할 때 수직선에서 오른쪽에 있는 수가 더 큽니다. 따라서 [b]는 [a]보다 크고, [d]는 [c]보다 크고, [f]는 [e]보다 큽니다.	-	-	-				
유리수의 사칙연산	24	(성질)유리수의 덧셈	24	1. (+[a]) + (+[b]) = +([a]+[b]) = +[c] 2. (-[d]) + (+[e]) = -([d]-[e]) = -[f]	{"[b]":"NUM\trat\t1,5\t", "[a]":"NUM\trat\t1,5\t", "[c]":"EVAL\t[a]+[b]", "[d]":"NUM\trat\t4,7\t", "[e]":"NUM\trat\t1,4\t", "[f]":"EVAL\t[d]-[e]"}	1. 플러스 [a]와 플러스 [b]와 같이 같은 부호를 가진 두 유리수를 더할 때는 두 수의 절댓값끼리 더해주고 공통된 부호를 붙여주면 됩니다. 따라서 플러스 [c]가 되겠네요. 2. 마이너스 [d]와 플러스 [e]와 같은 수를 더할 때는 둘 중에 절댓값이 큰 [d]의 부호인 마이너스를 앞에 붙여주고, 두 수의 절댓값의 차를 계산하면 됩니다. 따라서 마이너스 [f]가 되겠네요.	-	-	-				
유리수의 사칙연산	25	(성질)유리수의 뺄셈	25	1. (+[a]) - (+[b]) = +([a])+(-[b]) = -([b] - [a]) =-[c] 2. (+[d]) - (-[e]) = (+[d])+(+[e]) = +[f]	{"[b]":"NUM\trat\t5,7\t", "[a]":"NUM\trat\t1,5\t", "[c]":"EVAL\t[b]-[a]", "[d]":"NUM\trat\t1,5\t", "[e]":"NUM\trat\t2,6\t", "[f]":"EVAL\t[d]+[e]"}	1. 먼저 마이너스 부호가 플러스 부호를 가진 유리수에 붙은 경우 마이너스 부호로 바꾼 뒤 유리수의 덧셈을 해주면 됩니다. 즉, 마이너스 플러스가 플러스 마이너스 순서로 바뀝니다. 따라서 답은 마이너스 [c]입니다. 2. 마이너스 부호와 마이너스 부호가 만나면 플러스 플러스로 바뀝니다. 따라서 마이너스 마이너스 [e]가 플러스 플러스 [e]가 되어 두 수를 합하면 플러스 [f]가 됩니다.	-	-	-				
유리수의 사칙연산	26	(성질)유리수의 곱셈	26	1. $(+[a]) \times (-[b]) = -([a] \times [b]) = -[c]$ 2. $(-[d]) \times (-[e]) = +([d] \times [e]) = +[f]$	{"[b]":"NUM\trat\t5,7\t", "[a]":"NUM\trat\t1,5\t", "[c]":"EVAL\t[a]*[b]", "[d]":"NUM\trat\t1,5\t", "[e]":"NUM\trat\t2,6\t", "[f]":"EVAL\t[d]*[e]"}	1. 마이너스와 플러스의 부호를 가진 두 수를 곱하면 그 부호는 마이너스가 됩니다. 따라서 마이너스 [c]입니다. 2. 마이너스와 마이너스 부호를 가진 두 수를 곱하면 그 부호는 플러스가 됩니다. 따라서 플러스 [f]입니다.	-	-	-				
유리수의 사칙연산	27	(성질)유리수의 나눗셈	27	1. $(+[a]) \div (-[b]) = -([a] \div [b]) = -[c]$ 2. $(-[d]) \div (-[e]) = +([d] \div [e]) = +[f]$	{"[b]":"NUM\trat\t5,7\t", "[a]":"NUM\trat\t1,5\t", "[c]":"EVAL\t[a]/[b]", "[d]":"NUM\trat\t1,5\t", "[e]":"NUM\trat\t2,6\t", "[f]":"EVAL\t[d]/[e]"}	1. 마이너스와 플러스의 부호를 가진 두 수를 나누면 그 부호는 마이너스가 됩니다. 따라서 마이너스 [c]입니다. 2. 마이너스와 마이너스 부호를 가진 두 수를 나누면 그 부호는 플러스가 됩니다. 따라서 플러스 [f]입니다.	-	-	-				
유리수의 사칙연산	28	(성질)유리수의 혼합 계산	28	1. $[a] - \[ \{ (-[b])^2 - [c] \div [d] \} + [e] \]$ 2. $= [a] - \[ \{ -[f] - [c] \div [d] \} + [e] \]  $ 3. $= [a] - \[ \{ -[f] - [g] \} + [e] \]  $ 4. $= [a] - \[ \{ - [h] \} + [e] \]  $ 5. $= [a] - \[ [i] \]  $ 6. $= [j]  $	{"[a]":"NUM\tint\t1,5\t", "[b]":"NUM\tint\t1,5\t", "[c]":"NUM\trat\t1,5\t", "[d]":"NUM\trat\t1,5\t", "[e]":"NUM\tint\t1,5\t", "[f]":"EVAL\t[b]*[b]", "[g]":"EVAL\t[c]/[d]", "[h]":"EVAL\t[f]+[g]", "[i]":"EVAL\t-[h]+[e]", "[j]":"EVAL\t[a]-[i]"}	1. 먼저 계산해야하는 것은 마이너스 [b]의 제곱 부분입니다. 2. 계산하면 마이너스 [f]가 됩니다. 다음으로 마이너스 [c] 나누기 [d]를 해줍니다. 3. 그 값은 마이너스 [g]죠? 이어서 마이너스 [f] 마이너스 g를 계산하면 4. 마이너스 [h]가 됩니다. 이 값과 [e]를 더하면, 5. [i]가 되겠죠? 마지막으로 남은 두 항을 계산하면  6. 최종적으로 [j]라는 결과물이 나오게 됩니다.	-	-	-				
문자의 사용	29	(성질)문자를 사용한 식	29	-	-	-	-	-	-				
문자의 사용	30	(성질)곱셈 기호의 생략	30	-	-	-	-	-	-				
문자의 사용	31	(성질)나눗셈 기호의 생략	31	-	-	-	-	-	-				
식의 값	32	(정의2)식의 값 1.대입 2.식의 값	32	-	-	-	-	-	-				
식의 값	33	(과정)식의 값 구하는 순서	33	-	-	-	-	-	-				
다항식과 일차식	34	(정의5)다항식 1.항 2.상수항 3.계수 4.다항식 5.단항식	34	-	-	-	-	-	-				
다항식과 일차식	35	(정의3)일차식 1.항의 차수 2.다항식의 차수 3.일차식	35	-	-	-	-	-	-				
일차식의 계산	36	(성질)일차식과 수의 곱셈, 나눗셈	36	-	-	-	-	-	-				
일차식의 계산	37	(성질)동류항의 계산	37	-	-	-	-	-	-				
일차식의 계산	38	(성질)일차식의 덧셈과 뺄셈	38	-	-	-	-	-	-				
방정식과 항등식	39	(정의)등식	39	-	-	-	-	-	-				
방정식과 항등식	40	(정의4)방정식과항등식 1.방정식 2.방정식의 해 3.방정식을 푼다. 4.항등식	40	-	-	-	-	-	-				
등식의 성질	41	(성질)등식의성질	41	-	-	-	-	-	-				
등식의 성질	42	(성질)등식의 성질을 이용한 방정식의 풀이	42	-	-	-	-	-	-				
일차방정식	43	(정의)이항	43	-	-	-	-	-	-				
일차방정식	44	(정의)일차방정식	44	-	-	-	-	-	-				
일차방정식의 풀이	45	(과정)일차방정식의 풀이	45	-	-	-	-	-	-				
복잡한 일차방정식의 풀이	46	(과정)괄호가 있는 경우	46	-	-	-	-	-	-				
복잡한 일차방정식의 풀이	47	(과정)계수가 소수 또는 분수인 경우	47	-	-	-	-	-	-				
일차방정식의 활용(1)	48	(과정)일차방정식의 활용 문제 해결 순서	48	직접 활용문제 풀어보기 1. 어느 중학교의 1학년 전체 학생수가 [x]명이다. 여학생은 남학생보다 [y]명이 더 많다고 할 때 남학생 수를 구하시오. 2. 미지수 $x$ 정하기 : 남학생 수를 $x$명이라고 하면 여학생 수는 $x+#[y]#$명이므로 3. 방정식 세우기 : $x+(x+#[y]#) = #[x]#$ 4. 방정식 풀기 : $2x+#[y]#=#[x]#$, $2x = #[r1]#$, $x = #[r2]#$ 5. 확인하기 : 여학생 수는 $#[r2]#+[y]=#[r3]#$ 명이고, 여학생이 남학생보다 $#[r3]#-#[r2]# = #[y]#$명 더 많으므로 구한 해는 문제의 뜻에 맞는다.	{"[x],[y]":"PAIRCHOOSE\t1\t642_12,518_10,316_22\t", "[r1]":"EVAL\t2*[x]", "[r2]":"EVAL\t[r1]/2", "[r3]":"EVAL\t[r2]+12"}	1. 먼저 문제는 다음과 같습니다. 2. 문제를 보아하니 미지수 엑스는 남학생의 수로 하면 좋을 것 같군요. 그러면 여학생의 수는 엑스 더하기 [y]가 됩니다. 3. 그리고 방정식은 남학생의 수와 여학생의 수를 더하면 전체 학생수가 된다는 점을 이용해 세워줄 수 있습니다.  4. 이 방정식을 풀어주면 엑스는 [r2]가 되겠네요. 따라서 여학생의 수는 엑스 더하기 12인 [r3]입니다. 5. 남학생의 수와 여학생의 수를 더하면 [x]가 되므로 방정식을 잘 풀었습니다!	3	[x]*2, ([y]+[y]%5)/5	-				
일차방정식의 활용(1)	49	(성질)수에 대한 문제	49	수에 대한 문제 1. 연속하는 세 홀수의 합이 [x1]일 때, 가장 큰 홀수를 구하시오. 2. 연속하는 세 홀수를 $x-2, x, x+2$라고 하면, 3.  $(x-2) + x + (x+2) = [x1] \rightarrow 3x = [x1] \rightarrow x = [x2] $ 4. 따라서 연속하는 세 홀수는 [x3], [x2], [x4]이므로 가장 큰 홀수는 [x4]이다.	{"[x1]":"CHOOSE\t1\t39,42,45\t",  "[x2]":"EVAL\t[x1]/3",  "[x3]":"EVAL\t[x2]-2",  "[x4]":"EVAL\t[x2]+2"}	1. 문제를 보면 연속하는 세 홀수라는 말이 나옵니다. 2. 세 홀수중 가운데 있는 수를 엑스라고 하면, 작은 홀수는 엑스 마이너스 2, 큰 홀수는 엑스 플러스 2가 됩니다. 3. 이제 세 수를 더해서 [x1]이 된다고 했기 때문에 식을 이렇게 세울 수 있겠죠? 방정식을 풀면 엑스는 [x2]입니다. 4. 연속하는 세 홀수중 가장 큰 홀수는 그럼 뭘까요? 바로 [x2]에 2를 더한 [x4]가 됩니다.	3	-	-				
일차방정식의 활용(1)	50	(성질)과부족에 대한 문제	50	1. 학생들에게 연필을 나누어주는데 	-	-	-	-	-				
일차방정식의 활용(2)	51	(성질)증가와 감소에 대한 문제	51	-	-	-	-	-	-				
일차방정식의 활용(2)	52	(성질)거리와 속력에 대한 문제	52	-	-	-	-	-	-				
일차방정식의 활용(2)	53	(성질)농도에 대한 문제	53	-	-	-	-	-	-				
좌표평면과 순서쌍	54	(정의)좌표	54	-	-	-	-	-	-				
좌표평면과 순서쌍	55	(정의5)좌표와 좌표평면 1.x축 2.y축 3.좌표축 4.원점 5.좌표평면	55	-	-	-	-	-	-				
좌표평면과 순서쌍	56	(정의)순서쌍	56	-	-	-	-	-	-				
사분면과 함수의 그래프	57	(정의)사분면	57	-	-	-	-	-	-				
사분면과 함수의 그래프	58	(정의2)그래프 1. 변수 2. 그래프	58	-	-	-	-	-	-				
정비례와 반비례	59	(정의)정비례	59	-	-	-	-	-	-				
정비례와 반비례	60	(성질)정비례 관계 y=ax의 그래프	60	-	-	-	-	-	-				
정비례와 반비례	61	(정의)반비례	61	-	-	-	-	-	-				
정비례와 반비례	62	(성질)반비례 관계 y=a/x의 그래프	62	-	-	-	-	-	-				
정비례와 반비례 관계의 활용	63	(성질)정비례 관계 y=ax의 식 구하기	63	-	-	-	-	-	-				
정비례와 반비례 관계의 활용	64	(성질)반비례 관계 y=a/x의 식 구하기	64	-	-	-	-	-	-				
정비례와 반비례 관계의 활용	65	(성질)그래프와 도형의 넓이	65	-	-	-	-	-	-				
정비례와 반비례 관계의 활용	66	(성질)정비례, 반비례 관계의 활용	66	김대한	-	-	-	-	-				
점, 선, 면	67	(정의3)점, 선, 면 1.점 2.선 3.면	67	-	-	-	-	-	-				
점, 선, 면	68	(정의2)도형의 종류 1.평면도형 2.입체도형	68	-	-	-	-	-	-				
점, 선, 면	69	(정의2) 1.교점 2.교선	69	-	-	-	-	-	-				
직선, 반직선, 선분	70	(정의3)직선, 반직선, 선분 1.직선 2.반직선 3.선분	70	-	-	-	-	-	-				
두 점 사이의 거리	71	(정의)두 점 A, B 사이의 거리	71	-	-	-	-	-	-				
두 점 사이의 거리	72	(정의)선분 AB의 중점	72	-	-	-	-	-	-				
각	73	(정의)각	73	-	-	-	-	-	-				
각	74	(정의4)각의 분류 1.평각 2.직각 3.예각 4.둔각	74	-	-	-	-	-	-				
각	75	(정의2+성질)맞꼭지각 1.교각 2.맞꼭지각	75	-	-	-	-	-	-				
수직과 수선	76	(정의3)직교 1.직교 2.수직 3.수선	76	-	-	-	-	-	-				
수직과 수선	77	(정의)수직이등분선	77	-	-	-	-	-	-				
수직과 수선	78	(정의2)점과 직선 사이의 거리 1.수선의 발 2.점과 직선 사이의 거리	78	-	-	-	-	-	-				
위치 관계	79	(성질)점과 직선의 위치관계	79	-	-	-	-	-	-				
위치 관계	80	(성질)점과 평면의 위치관계	80	-	-	-	-	-	-				
위치 관계	81	(성질)평면에서 두 직선의 위치 관계	81	-	-	-	-	-	-				
위치 관계	82	(성질)공간에서 두 직선의 위치 관계	82	-	-	-	-	-	-				
위치 관계	83	(성질)공간에서 직선과 평면의 위치 관계	83	-	-	-	-	-	-				
위치 관계	84	(성질)공간에서 두 평면의 위치 관계	84	-	-	-	-	-	-				
평행선의 성질	85	(정의2)동위각과 엇각 1.동위각 2.엇각	85	-	-	-	-	-	-				
평행선의 성질	86	(성질)평행선의 성질	86	-	-	-	-	-	-				
평행선의 성질	87	(성질) 두 직선이 평행할 조건	87	-	-	-	-	-	-				
작도	88	(정의)작도	88	-	-	-	-	-	-				
작도	89	(과정)길이가 같은 선분의 작도	89	-	-	-	-	-	-				
작도	90	(과정)크기가 같은 각의 작도	90	-	-	-	-	-	-				
삼각형	91	(정의)삼각형	91	-	-	-	-	-	-				
삼각형	92	(정의2)대변과 대각 1.대변 2.대각	92	-	-	-	-	-	-				
삼각형	93	(성질)삼각형의 세 변의 길이 사이의 관계	93	-	-	-	-	-	-				
삼각형의 작도	94	(과정)세 변의 길이가 주어질 때	94	-	-	-	-	-	-				
삼각형의 작도	95	(과정)두 변의 길이와 그 끼인각의 크기가 주어질 때	95	-	-	-	-	-	-				
삼각형의 작도	96	(과정)한 변의 길이와 그 양 끝각의 크기가 주어질 때	96	-	-	-	-	-	-				
삼각형의 작도	97	(성질)삼각형이 하나로 정해질 조건	97	-	-	-	-	-	-				
합동	98	(정의)합동	98	-	-	-	-	-	-				
합동	99	(정의4)대응 1.대응 2.대응점 3.대응변 4.대응각	99	-	-	-	-	-	-				
합동	100	(성질)합동인 도형의 성질	100	-	-	-	-	-	-				
삼각형의 합동 조건	101	(정의)SSS합동	101	-	-	-	-	-	-				
삼각형의 합동 조건	102	(정의)SAS합동	102	-	-	-	-	-	-				
삼각형의 합동 조건	103	(정의)ASA합동	103	-	-	-	-	-	-				
다각형	104	(정의5)다각형 1.다각형 2.변 3.꼭짓점 4.내각 5.외각	104	-	-	-	-	-	-				
다각형	105	(정의)정다각형	105	-	-	-	-	-	-				
다각형	106	(정의3)다각형의 대각선의 개수 1.대각선 2.n각형의 한 꼭짓점에서 그을 수 있는 대각선의 개수 3.n각형의 대각선의 총 개수	106	-	-	-	-	-	-				
내각과 외각	107	(성질)삼각형의 내각과 외각	107	-	-	-	-	-	-				
내각과 외각	108	(성질)다각형의 내각과 외각	108	-	-	-	-	-	-				
원과 부채꼴	109	(정의4)원 1.원 2.호 3.현 4.할선	109	-	-	-	-	-	-				
원과 부채꼴	110	(정의3)부채꼴과 활꼴 1.부채꼴 2.중심각 3.활꼴	110	-	-	-	-	-	-				
원과 부채꼴	111	(성질)부채꼴의 중심각의 크기와 호의 길이, 넓이, 현의 길이 사이의 관계	111	-	-	-	-	-	-				
부채꼴의 호	112	(정의2)원의 둘레의 길이와 넓이 1.원주율 2.원의 둘레의 길이와 넓이	112	-	-	-	-	-	-				
부채꼴의 호	113	(정의)부채꼴의 호의 길이와 넓이	113	-	-	-	-	-	-				
부채꼴의 호	114	(정의)부채꼴의 호의 길이와 넓이 사이의 관계	114	-	-	-	-	-	-				
다면체	115	(정의4)다면체 1.다면체 2.면 3.모서리 4.꼭짓점	115	-	-	-	-	-	-				
다면체	116	(정의3)다면체의 종류 1.각기둥 2.각뿔 3.각뿔대	116	-	-	-	-	-	-				
정다면체	117	(정의)정다면체	117	-	-	-	-	-	-				
정다면체	118	(정의5)정다면체의 종류 1.정사면체 2.정육면체 3.정팔면체 4.정십이면체 5.정이십면체	118	-	-	-	-	-	-				
회전체	119	(정의3)회전체 1.회전체 2.회전축 3.모선	119	-	-	-	-	-	-				
회전체	120	(성질)모선의 종류	120	-	-	-	-	-	-				
회전체	121	(성질)회전체의 성질	121	-	-	-	-	-	-				
회전체	122	(성질)회전체의 전개도	122	-	-	-	-	-	-				
입체도형의 겉넓이와 부피	123	(정의)각기둥의 겉넓이와 부피	123	-	-	-	-	-	-				
입체도형의 겉넓이와 부피	124	(정의)원기둥의 겉넓이와 부피	124	-	-	-	-	-	-				
입체도형의 겉넓이와 부피	125	(정의)각뿔의 겉넓이와 부피	125	-	-	-	-	-	-				
입체도형의 겉넓이와 부피	126	(정의)원뿔의 각넓이와 부피	126	-	-	-	-	-	-				
입체도형의 겉넓이와 부피	127	(정의)구의 각넓이와 부피	127	-	-	-	-	-	-				
줄기와 잎 그림	128	(정의)변량	128	-	{ "[제목], [단위], [평균], [표준편차]":"PAIRCHOOSE\t1\t몸무게_kg_50_10,키_cm_160_20\t", "[자료]":"SAMPLE\t20\tnor([평균],[표준편차])\tnodup" }	다음와 같이 자료를 수량으로 나타내는 것을 변량이라고해요.	-	-	-				
줄기와 잎 그림	129	(정의)줄기와 잎 그림	129	-	{ "[제목], [단위], [평균], [표준편차]":"PAIRCHOOSE\t1\t몸무게_kg_50_10,키_cm_160_20\t", "[자료]":"SAMPLE\t20\tnor([평균],[표준편차])\tnodup" }	다음과 같이 줄기와 잎을 이용하여 자료를 나타낸 그림을 줄기와 잎 그림이라고 해요.	-	-	-				
줄기와 잎 그림	130	(과정)줄기와 잎 그림 그리는 방법	130	-	{ "[제목], [단위], [평균], [표준편차]":"PAIRCHOOSE\t1\t몸무게_kg_50_10,키_cm_160_20\t", "[자료]":"SAMPLE\t20\tnor([평균],[표준편차])\tnodup" }	먼저 자료에서 줄기와 잎을 정해요. 다음으로 세로선을 긋고 세로선의 왼쪽에 줄기를 작은 값에서부터 차례로 세로로 써요. 단, 중복되는 수는 한번만 써야 해요. 마지막으로 세로선의 오른쪽에 각 줄기에 해당되는 잎을 작은값에서부터 차례로 가로로 쓰는데, 잎은 중복되는 수를 모두 써야 해요.	-	-	-				
도수분포표	131	(정의)계급	131	계급: [계급1] ~ [계급2] 계급의 크기: [계급의 크기] 계급의 개수: [계급의 개수]	{ "[최솟값]":"CHOOSE\t40,50,60\t", "[계급의 크기]","[계급의 개수]":"PAIRCHOOSE\t1\t5_6, 10,4\t", "[자료]":"SAMPLE\t[계급의 개수]\tUni(1, 10)\tnodup", "[제목], [단위]":"PAIRCHOOSE\t1\t몸무게_kg,수학 점수_점,\t", "[index]":"NUM\tint\t0,[계급의 개수]\t", "[계급1]":"EVAL\t[최솟값]+[계급의 크기]*[index]", "[계급2]":"EVAL\t[계급1]+[계급의 크기]",  }	계급은 변량을 일정한 간격으로 나눈 구간으로서 [계급1]에서 [계급2]가 하나의 계급이에요. 계급의 크기는 계급의 양 끝값의 차이므로 [계급의 크기]에요. 계급의 개수는 변량을 나눈 구간의 수이므로 [계급의 개수]에요.	-	-	-				
도수분포표	132	(정의)도수	132	[계급1] ~ [계급2]의 도수: [계급의 도수]	{ "[최솟값]":"CHOOSE\t40,50,60\t", "[계급의 크기]","[계급의 개수]":"PAIRCHOOSE\t1\t5_6, 10,4\t", "[자료]":"SAMPLE\t[계급의 개수]\tUni(1, 10)\tnodup", "[제목], [단위]":"PAIRCHOOSE\t1\t몸무게_kg,수학 점수_점,\t", "[도수의 총합]": "EVAL\teval(([[자료]]).join('+'))", "[index]":"NUM\tint\t0,[계급의 개수]\t", "[계급1]":"EVAL\t[최솟값]+[계급의 크기]*[index]", "[계급2]":"EVAL\t[계급1]+[계급의 크기]", "[계급의 도수]":"EVAL\t[[자료]][[index]]" }	도수는 각 계급에 속하는 자료의 개수로 [계급1]에서 [계급2]의 도수는 [계급의 도수]에요.	-	-	-				
도수분포표	133	(정의)도수분포표	133	-	{ "[최솟값]":"CHOOSE\t1\t40,50,60\t", "[계급의 크기]","[계급의 개수]":"PAIRCHOOSE\t1\t5_6, 10,4\t", "[자료]":"SAMPLE\t[계급의 개수]\tUni(1, 10)\tnodup", "[제목], [단위]":"PAIRCHOOSE\t1\t몸무게_kg,수학 점수_점,\t", "[도수의 총합]": "EVAL\teval(([[자료]]).join('+'))", "[index]":"NUM\tint\t0,[계급의 개수]\t", "[계급1]":"EVAL\t[최솟값]+[계급의 크기]*[index]", "[계급2]":"EVAL\t[계급1]+[계급의 크기]", "[계급의 도수]":"EVAL\t[[자료]][[index]]" }	주어진 자료를 [계급의 개수]개의 계급으로 나누고, 각 계급에 알맞는 도수를 구하여 나타내 표를 도수분포표라고 해요.	-	-	-				
히스토그램	134	(정의)히스토그램	134	-	{ "[최솟값]":"CHOOSE\t1\t40,50,60\t", "[계급의 크기]","[계급의 개수]":"PAIRCHOOSE\t1\t5_6, 10,4\t", "[자료]":"SAMPLE\t[계급의 개수]\tUni(1, 10)\tnodup", "[제목], [단위]":"PAIRCHOOSE\t1\t몸무게_kg,수학 점수_점,\t", "[도수의 총합]": "EVAL\teval(([[자료]]).join('+'))" }	다음과 같이 가로축에는 계급을, 세로축에는 도수를 표시하여 직사각형 모양으로 나타낸 그래프를 히스토그램이라고 해요.	-	-	-				
히스토그램	135	(과정)히스토그램 그리는 방법	135	-	{ "[최솟값]":"CHOOSE\t1\t40,50,60\t", "[계급의 크기]","[계급의 개수]":"PAIRCHOOSE\t1\t5_6, 10,4\t", "[자료]":"SAMPLE\t[계급의 개수]\tUni(1, 10)\tnodup", "[제목], [단위]":"PAIRCHOOSE\t1\t몸무게_kg,수학 점수_점,\t", "[도수의 총합]": "EVAL\teval(([[자료]]).join('+'))" }	먼저 도수분포표에 나와있는 계급의 양 끝값들을 가로축에 넣어요. 다음으로 세로축에는 도수를 차례로 넣어요. 마지막으로각 계급의 크기를 가로로, 도수를 세로로 하는 직사각형을 그려요.	-	-	-				
히스토그램	136	(성질)히스토그램의 특징	136	-	{ "[최솟값]":"CHOOSE\t1\t40,50,60\t", "[계급의 크기]","[계급의 개수]":"PAIRCHOOSE\t1\t5_6, 10,4\t", "[자료]":"SAMPLE\t[계급의 개수]\tUni(1, 10)\tnodup", "[제목], [단위]":"PAIRCHOOSE\t1\t몸무게_kg,수학 점수_점,\t", "[index]":"NUM\tint\t0,[계급의 개수]\t", "[계급1]":"EVAL\t[최솟값]+[계급의 크기]*[index]", "[계급2]":"EVAL\t[계급1]+[계급의 크기]", "[계급의 도수]":"EVAL\t[[자료]][[index]]", "[넓이]":"EVAL\t[계급의 크기]*[계급의 도수]", "[도수의 총합]": "EVAL\teval(([[자료]]).join('+'))", "[총 넓이]":"EVAL\t[계급의 크기]*[도수의 총합]" }	자료의 전체적인 분포 상태를 한눈에 쉽게 알 수 있어요. 각 직사각형의 넓이는 각 계급의 크기*그 계급의 도수이므로 [계급1]과 [계급2]에서의 넓이는 [계급의 크기]*[계급의 도수]=[넓이]에요. 직사각형의 넓이의 합은 계급의 크기*도수의 총합이므로 [계급의 크기]*[도수의 총합]=[총 넓이]에요.	-	-	-				
도수분포다각형	137	(정의)도수분포다각형	137	-	{ "[최솟값]":"CHOOSE\t1\t40,50,60\t", "[계급의 크기]","[계급의 개수]":"PAIRCHOOSE\t1\t5_6, 10,4\t", "[자료]":"SAMPLE\t[계급의 개수]\tUni(1, 10)\tnodup", "[제목], [단위]":"PAIRCHOOSE\t1\t몸무게_kg,수학 점수_점,\t", "[도수의 총합]": "EVAL\teval(([[자료]]).join('+'))" }	다음과 같이 히스토그램에서 각 직사각형의 윗변의 중앙의 점을 차례로 선분으로 연결한 후 양 끝에 도수가 0인 계급을 하나씩 추가하여 그 중앙의 점도 연결한 그래프를 도수분포다각형이라고 해요.	-	-	-				
도수분포다각형	138	(성질)도수분포다각형의 특징	138	-	{ "[최솟값]":"CHOOSE\t1\t40,50,60\t", "[계급의 크기]","[계급의 개수]":"PAIRCHOOSE\t1\t5_6, 10,4\t", "[자료]":"SAMPLE\t[계급의 개수]\tUni(1, 10)\tnodup", "[제목], [단위]":"PAIRCHOOSE\t1\t몸무게_kg,수학 점수_점,\t", "[도수의 총합]": "EVAL\teval(([[자료]]).join('+'))" }	자료의 전체적인 분포 상태를 연속적으로 관찰할 수 있어요. 히스토그램의 각 직사각형의 넓이의 합은 계급의 크기*도수의 총합이므로 [계급의 크기]*[도수의 총합]=[총 넓이]인데, 이 값은 도수분포다각형과 가로축으로 둘러싸인 부분의 넓이와 같아요.	-	-	-				
상대도수의 분포표	139	(정의)상대도수	139	도수의 총합이 [총합]이고, 계급의 도수가 [도수]인 계급의  상대도수는 $\frac{[도수]}{[총합]}=[답]$	{  "[총합]":"CHOOSE\t20,40,50\t"  "[도수]":"NUM\tint\t3,50\tlt([총합])"  "[답]":"EVAL\t[도수]/[총합]" }	상대도수는 도수의 총합에 대한 계급의 도수의 비율이므로 도수를 도수의 총합으로 나누면 [답]에요.	-	-	-				
상대도수의 분포표	140	(정의)상대도수의 분포표	140		{ "[최솟값]":"CHOOSE\t40,50,60\t", "[계급의 크기]","[계급의 개수]":"PAIRCHOOSE\t1\t5_6, 10,4\t", "[자료]":"SAMPLE\t[계급의 개수]\tUni(1, 10)\tnodup", "[제목], [단위]":"PAIRCHOOSE\t1\t몸무게_kg,수학 점수_점,\t", "[도수의 총합]": "EVAL\teval(([[자료]]).join('+'))" }	다음과 같이 각 계급의 상대도수를 나타낸 표를 상대도수의 분포표라고 해요.	-	-	-				
상대도수의 분포표	141	(성질)상대도수의 특징	141	1. 상대도수의 총합: 1 2. [계급1] ~ [계급2]의 상대도수 $\frac{[계급의 도수]}{[도수의 총합]}$는 [계급의 도수]와 정비례 $0\leq\frac{[계급의 도수]}{[도수의 총합]}\leq1$ 3. 	{ "[최솟값]":"CHOOSE\t1\t40,50,60\t", "[계급의 크기]","[계급의 개수]":"PAIRCHOOSE\t1\t5_6, 10,4\t", "[자료]":"SAMPLE\t[계급의 개수]\tUni(1, 10)\tnodup", "[제목], [단위]":"PAIRCHOOSE\t1\t몸무게_kg,수학 점수_점,\t", "[도수의 총합]": "EVAL\teval(([[자료]]).join('+'))", "[자료2]":"SAMPLE\t[계급의 개수]\tUni(1, 10)\tnodup", "[도수의 총합2]": "EVAL\teval(([[자료]]).join('+'))", "[index]":"NUM\tint\t0,[계급의 개수]\t", "[계급1]":"EVAL\t[최솟값]+[계급의 크기]*[index]", "[계급2]":"EVAL\t[계급1]+[계급의 크기]", "[계급의 도수]":"EVAL\t[[자료]][[index]]" }	상대도수의 총합은 항상 1이에요. [계급1]에서 [계급2]의 상대도수는 [도수의 총합]분에 [계급의 도수]이므로 그 계급의 도수인 [계급의 도수]와 정비례해요. [도수의 총합]분에 [계급의 도수]는 0이상 1이하에요. [제목]의 두 자료의 분포상태를 비교할때 상대도수의 분포표를 이용하면 편리해요.	-	-	-				
상대도수의 분포를 나타낸 그래프	142	(정의)상대도수 그래프	142		{ "[최솟값]":"CHOOSE\t1\t40,50,60\t", "[계급의 크기]","[계급의 개수]":"PAIRCHOOSE\t1\t5_6, 10,4\t", "[자료]":"SAMPLE\t[계급의 개수]\tUni(1, 10)\tnodup", "[제목]":"CHOOSE\t1\t몸무게\t", "[단위]":"CHOOSE\t1\tkg\t", "[도수의 총합]": "EVAL\teval(([[자료]]).join('+'))" }	다음과 같이 상대도수의 분포표를 히스토그램이나 도수분포다각형으로 나타낸 것을 상대도수의 분포를 나타낸 그래프라고 해요.	-	-	-				
상대도수의 분포를 나타낸 그래프	143	(성질)상대도수 그래프의 특징	143	-	{ "[최솟값]":"CHOOSE\t1\t40,50,60\t", "[계급의 크기]","[계급의 개수]":"PAIRCHOOSE\t1\t5_6, 10,4\t", "[자료]":"SAMPLE\t[계급의 개수]\tUni(1, 10)\tnodup", "[제목], [단위]":"PAIRCHOOSE\t1\t몸무게_kg,수학 점수_점,\t", "[도수의 총합]": "EVAL\teval(([[자료]]).join('+'))", "[그래프]":"CHOOSE\t히스토그램,도수분포다각형]\t" }	먼저 가로축에는 계급의 양 끝값을 차례로 나타내요. 다음으로 세로축에는 상대도수를  차례로 넣어요. 마지막으로 [그래프] 모양으로 그려요.	-	-	-				
유리수와 소수	144	(정의)유리수	144	김대한	-	-	-	-	-				
유리수와 소수	145	(정의2)소수의분류 1.유한소수 2.무한소수	145	-	-	-	-	-	-				
유리수와 소수	146	(성질)유한소수로 나타낼 수 있는 분수	146	-	-	-	-	-	-				
유리수와 소수	147	(과정)분수를 유한소수로 나타내기	147	-	-	-	-	-	-				
순환소수	148	(정의2+성질)순환소수 1.순환소수 2.순환마디	148	-	-	-	-	-	-				
순환소수	149	(성질)순환소수로 나타낼 수 있는 분수	149	김대한	-	-	-	-	-				
순환소수	150	(과정)순환소수를 분수로 나타내는 방법(1)	150	1. $x = [a].[b][c][d][e][f]\cdots$ 형태로 순환소수를 x 라고 한다.	-	-	-	-	-				
순환소수	151	(과정)순환소수를 분수로 나타내는 방법(2)	151	-	-	-	-	-	-				
순환소수	152	(성질)순환소수의 대소관계	152	-	-	-	-	-	-				
순환소수	153	(성질)유리수와 순환소수의 관계	153	-	-	-	-	-	-				
지수법칙	154	(성질)지수의 합	154	-	-	-	-	-	-				
지수법칙	155	(성질)지수의 곱	155	-	-	-	-	-	-				
지수법칙	156	(성질)지수의 차	156	-	-	-	-	-	-				
지수법칙	157	(성질)지수의 분배	157	-	-	-	-	-	-				
단항식의 곱셈과 나눗셈	158	(성질)단항식의 곱셈	158	-	-	-	-	-	-				
단항식의 곱셈과 나눗셈	159	(성질)단항식의 나눗셈	159	-	-	-	-	-	-				
단항식의 곱셈과 나눗셈	160	(성질)단항식의 곱셈과 나눗셈의 혼합 계산	160	-	-	-	-	-	-				
다항식의 덧셈과 뺄셈	161	(성질)다항식의 덧셈과 뺄셈	161	-	-	-	-	-	-				
다항식의 덧셈과 뺄셈	162	(성질)이차식의 덧셈과 뺄셈	162	-	-	-	-	-	-				
단항식과 다항식의 곱셈과 나눗셈	163	(성질)단항식*다항식의 계산	163	-	-	-	-	-	-				
단항식과 다항식의 곱셈과 나눗셈	164	(성질)다항식/단항식의 계산	164	-	-	-	-	-	-				
단항식과 다항식의 곱셈과 나눗셈	165	(성질)단항식과 다항식의 혼합 계산	165	-	-	-	-	-	-				
단항식과 다항식의 곱셈과 나눗셈	166	(성질)식의값	166	-	-	-	-	-	-				
부등식	167	(정의)부등식	167	-	-	-	-	-	-				
부등식	168	(성질)부등식의 표현	168	-	-	-	-	-	-				
부등식	169	(성질)부등식의 성질	169	-	-	-	-	-	-				
부등식	170	(정의)부등식의 해	170	-	-	-	-	-	-				
일차부등식	171	(정의)일차부등식	171	-	-	-	-	-	-				
일차부등식	172	(과정)일차부등식의 풀이	172	-	-	-	-	-	-				
일차부등식	173	(과정)복잡한 일차부등식의 풀이	173	-	-	-	-	-	-				
일차부등식의 활용(1)	174	(과정)일차부등식의 활용 문제 해결 순서	174	-	-	-	-	-	-				
일차부등식의 활용(1)	175	(성질)수에 대한 문제	175	-	-	-	-	-	-				
일차부등식의 활용(1)	176	(성질)금액에 대한 문제	176	-	-	-	-	-	-				
일차부등식의 활용(2)	177	(성질)거리, 속력, 시간에 대한 문제	177	1.물체의 속력과 시간을 통해 거리를 구할 수 있다. $[d]=[v]\times[t]$ 2.물체가 이동한 거리와 속력을 안다면 시간을 구할 수 있다. $[t]=\frac{[d]}{[v]}$ 3.물체가 이동한 거리와 시간을 안다면 속력을 구할 수 있다. $[v]=\frac{[d]}{[t]}$ 		-	-	-	-				
일차부등식의 활용(2)	178	(성질)농도에 대한 문제	178	-	-	-	-	-	-				
연립일차방정식	179	(성질)미지수가 2개인 일차방정식	179	-	-	-	-	-	-				
연립일차방정식	180	(성질)미지수가 2개인 연립일차방정식	180	-	-	-	-	-	-				
연립일차방정식의 풀이	181	(성질)대입법을 이용한 연립방정식의 풀이	181	-	-	-	-	-	-				
연립일차방정식의 풀이	182	(성질)가감법을 이용한 연립방정식의 풀이	182	-	-	-	-	-	-				
여러 가지 연립일차방정식의 풀이	183	(성질)복잡한 연립방정식의 풀이	183	-	-	-	-	-	-				
여러 가지 연립일차방정식의 풀이	184	(성질)A=B=C 꼴의 방정식의 풀이	184	-	-	-	-	-	-				
해가 특수한 연립방정식	185	(성질)해가 무수히 많은 경우	185	-	-	-	-	-	-				
해가 특수한 연립방정식	186	(성질)해가 없는 경우	186	-	-	-	-	-	-				
연립일차방정식의 활용(1)	187	(과정)연립방정식의 활용 문제 해결 순서	187	-	-	-	-	-	-				
연립일차방정식의 활용(1)	188	(성질)수, 나이, 가격에 대한 문제	188	-	-	-	-	-	-				
연립일차방정식의 활용(2)	189	(성질) 거리, 속력, 시간에 대한 문제	189	-	-	-	-	-	-				
연립일차방정식의 활용(2)	190	(성질) 농도에 대한 문제	190	-	-	-	-	-	-				
연립일차방정식의 활용(2)	191	(성질) 일에 대한 문제	191	-	-	-	-	-	-				
함수의 뜻과 함숫값	192	(정의2)함수 1. 변수 2. 함수	192	-	-	-	-	-	-				
함수의 뜻과 함숫값	193	(정의)함숫값	193	-	-	-	-	-	-				
일차함수의 뜻과 그래프	194	(정의)일차함수	194	-	-	-	-	-	-				
일차함수의 뜻과 그래프	195	(성질)일차함수 y=ax+b의 그래프	195	-	-	-	-	-	-				
일차함수의 그래프의 절편과 기울기	196	(정의2)절편 1.x절편 2.y절편	196	-	-	-	-	-	-				
일차함수의 그래프의 절편과 기울기	197	(정의)일차함수의 그래프의 기울기	197	-	-	-	-	-	-				
일차함수의 그래프의 성질	198	(성질)a의 부호에 따른 그래프의 성질	198	-	-	-	-	-	-				
일차함수의 그래프의 성질	199	(성질)b의 부호에 따른 그래프의 성질	199	-	-	-	-	-	-				
일차함수의 그래프의 평행과 일치	200	(정의)평행	200	-	-	-	-	-	-				
일차함수의 그래프의 평행과 일치	201	(정의)일치	201	-	-	-	-	-	-				
일차함수의 그래프 그리기	202	(과정)그래프가 지나는 두 점을 이용하여 그래프 그리기	202	-	-	-	-	-	-				
일차함수의 그래프 그리기	203	(과정) 평행이동을 이용하여 그래프 그리기	203	-	-	-	-	-	-				
일차함수의 식 구하기	204	(과정) 기울기와 y절편이 주어질 때	204	-	-	-	-	-	-				
일차함수의 식 구하기	205	(과정)기울기와 한 점의 좌표가 주어질 때	205	-	-	-	-	-	-				
일차함수의 식 구하기	206	(과정)서로 다른 그두 점의 좌표가 주어질 때	206	-	-	-	-	-	-				
일차함수의 활용	207	(과정)일차함수의 활용	207	-	-	-	-	-	-				
일차함수와 일차방정식	208	(정의)미지수가 2개인 일차방정식의 그래프	208	-	-	-	-	-	-				
일차함수와 일차방정식	209	(성질)일차방정식과 일차함수의 그래프	209	-	-	-	-	-	-				
직선의 방정식	210	(정의)직선의 방정식	210	-	-	-	-	-	-				
직선의 방정식	211	(정의)방정식 x=m의 그래프	211	-	-	-	-	-	-				
직선의 방정식	212	(정의)방정식 y=m의 그래프	212	-	-	-	-	-	-				
연립방정식의 해와 그래프	213	(성질)연립방정식의 해와 일차함수의 그래프 사이의 관계	213	-	-	-	-	-	-				
연립방정식의 해와 그래프	214	(성질)연립방정식의 해의 개수와 두 그래프의 위치 관계	214	-	-	-	-	-	-				
이등변삼각형의 성질	215	(정의4)이등변삼각형 1.이등변삼각형 2.꼭지각 3.밑변 4.밑각	215	-	-	-	-	-	-				
이등변삼각형의 성질	216	(성질)이등변삼각형의 성질	216	-	-	-	-	-	-				
이등변삼각형의 성질	217	(성질)이등변삼각형이 되기 위한 조건	217	-	-	-	-	-	-				
직각삼각형의 합동	218	(정의)RHA합동	218	-	-	-	-	-	-				
직각삼각형의 합동	219	(정의)RHS합동	219	-	-	-	-	-	-				
각의 이등분선의 성질	220	(성질)각의 이등분선의 성질	220	-	-	-	-	-	-				
삼각형의 외심	221	(정의3)삼각형의 외심 1.외접 2.삼각형의 외접원 3.삼각형의 외심	221	-	-	-	-	-	-				
삼각형의 외심	222	(성질)삼각형의 외심의 성질	222	-	-	-	-	-	-				
삼각형의 외심	223	(성질)삼각형의 외심의 활용	223	-	-	-	-	-	-				
삼각형의 내심	224	(정의3)삼각형의 내심 1.내접 2.삼각형의 내접원 3.삼각형의 내심	224	-	-	-	-	-	-				
삼각형의 내심	225	(성질)삼각형의 내심의 성질	225	-	-	-	-	-	-				
삼각형의 내심	226	(성질)삼각형의 내심의 활용	226	-	-	-	-	-	-				
평행사변형	227	(정의)평행사변형	227	-	-	-	-	-	-				
평행사변형	228	(성질)평행사변형의 성질	228	-	-	-	-	-	-				
평행사변형	229	(성질)평행사변형이 되는 조건	229	-	-	-	-	-	-				
평행사변형의 넓이	230	(성질)평행사변형과 넓이(1)	230	-	-	-	-	-	-				
평행사변형의 넓이	231	(성질)평행사변형과 넓이(2)	231	-	-	-	-	-	-				
직사각형	232	(정의)직사각형	232	-	-	-	-	-	-				
직사각형	233	(성질)직사각형	233	-	-	-	-	-	-				
직사각형	234	(성질)평행사변형이 직사각형이 되는 조건	234	-	-	-	-	-	-				
마름모	235	(정의)마름모	235	-	-	-	-	-	-				
마름모	236	(성질)마름모	236	-	-	-	-	-	-				
마름모	237	(성질)평행사변형이 마름모가 되는 조건	237	-	-	-	-	-	-				
정사각형	238	(정의)정사각형	238	-	-	-	-	-	-				
정사각형	239	(성질)정사각형	239	-	-	-	-	-	-				
정사각형	240	(성질)직사각형이 정사각형이 되는 조건	240	-	-	-	-	-	-				
정사각형	241	(성질)마름모가 정사각형이 되는 조건	241	-	-	-	-	-	-				
등변사다리꼴	242	(정의)등변사다리꼴	242	-	-	-	-	-	-				
등변사다리꼴	243	(성질)등변사다리꼴	243	-	-	-	-	-	-				
여러 가지 사각형 사이의 관계	244	(성질)여러 가지 사각형 사이의 관계	244	-	-	-	-	-	-				
평행선과 넓이	245	(성질)평행선과 삼각형의 넓이	245	-	-	-	-	-	-				
평행선과 넓이	246	(성질)평행선과 삼각형의 넓이의 응용	246	-	-	-	-	-	-				
닮은 도형	247	(정의)닮은 도형	247	-	-	-	-	-	-				
닮은 도형	248	(성질)닮음의 성질	248	-	-	-	-	-	-				
삼각형의 닮음 조건	249	(정의)SSS닮음	249	-	-	-	-	-	-				
삼각형의 닮음 조건	250	(정의)SAS닮음	250	-	-	-	-	-	-				
삼각형의 닮음 조건	251	(정의)AA닮음	251	-	-	-	-	-	-				
직각삼각형의 닮음의 활용	252	(성질)직각삼각형의 닮음의 활용	252	-	-	-	-	-	-				
삼각형에서 평행선과 선분의 길이의 비	253	(성질)삼각형에서 평행선과 선분의 길이의 비(1)	253	-	-	-	-	-	-				
삼각형에서 평행선과 선분의 길이의 비	254	(성질)삼각형에서 평행선과 선분의 길이의 비(2)	254	-	-	-	-	-	-				
삼각형의 각의 이등분선	255	(성질)삼각형의 내각의 이등분선	255	-	-	-	-	-	-				
삼각형의 각의 이등분선	256	(성질)삼각형의 외각의 이등분선	256	-	-	-	-	-	-				
평행선 사이의 선분의 길이의 비	257	(성질)평행선 사이의 선분의 길이의 비	257	-	-	-	-	-	-				
평행선 사이의 선분의 길이의 비	258	(성질)사다리꼴에서 평행선과 선분의 길이의 비	258	-	-	-	-	-	-				
도형에서 두 변의 중점을 연결한 선분	259	(성질)삼각형의 두 변의 중점을 연결한 선분의 성질	259	-	-	-	-	-	-				
도형에서 두 변의 중점을 연결한 선분	260	(성질)삼각형의 세 변의 중점을 연결한 삼각형	260	-	-	-	-	-	-				
도형에서 두 변의 중점을 연결한 선분	261	(성질)사각형의 세 변의 중점을 연결한 사각형	261	-	-	-	-	-	-				
도형에서 두 변의 중점을 연결한 선분	262	(성질)사다리꼴에서 두 변의 중점을 연결한 선분	262	-	-	-	-	-	-				
삼각형의 중선과 무게중심	263	(정의)삼각형의 중선	263	-	-	-	-	-	-				
삼각형의 중선과 무게중심	264	(정의)삼각형의 무게중심	264	-	-	-	-	-	-				
삼각형의 중선과 무게중심	265	(성질)삼각형의 무게중심과 넓이	265	-	-	-	-	-	-				
닮은 도형의 넓이의 비와 부피의 비	266	(성질)닮은 평면도형의 둘레의 길이와 비와 넓이의 비	266	-	-	-	-	-	-				
닮은 도형의 넓이의 비와 부피의 비	267	(성질)닮은 입체도형의 겉넓이와 비와 부피의 비	267	-	-	-	-	-	-				
피타고라스 정리	268	(정의)피타고라스 정리	268	-	-	-	-	-	-				
피타고라스 정리	269	(성질)직각삼각형의 변의 길이	269	-	-	-	-	-	-				
피타고라스 정리	270	(성질)피타고라스 정리의 설명-유클리드의 방법	270	-	-	-	-	-	-				
피타고라스 정리	271	(성질)직각삼각형이 될 조건	271	-	-	-	-	-	-				
피타고라스 정리와 도형	272	(성질)삼각형의 변의 길이와 각의 크기 사이의 관계	272	-	-	-	-	-	-				
피타고라스 정리와 도형	273	(성질)직각삼각형에의 활용	273	-	-	-	-	-	-				
피타고라스 정리와 도형	274	(성질)사각형에서의 피타고라스 정리	274	-	-	-	-	-	-				
피타고라스 정리와 도형	275	(성질)반원과 직각삼각형 사이의 관계	275	-	-	-	-	-	-				
경우의 수	276	(정의2)사건과 경우의수 1.사건 2.경우의 수	276	하나의 주사위를 던졌을 때 사건: [제약]의 눈이 나온다. 경우의 수: [제약]의 눈이 나오는 모든 가짓수 전체 경우 = 1, 2, 3, 4, 5, 6 그 중에서 [제약]인 경우 = #[경우]# 따라서 경우의 수는 #[경우의 수]#이다.	{  "[경우1]":"EVAL\tString([1,2,3,4,5,6].reduce(function(acc,cur){if(cur%2==0) acc.push(cur); return acc;}, []))",  "[경우2]":"EVAL\tString([1,2,3,4,5,6].reduce(function(acc,cur){if(cur%2!=0) acc.push(cur); return acc;}, []))",  "[경우3]":"EVAL\tString([1,2,3,4,5,6].reduce(function(acc,cur){if(cur==1) return acc;for(var i=2;i<=cur/2;i++){if(cur%i==0)return acc;}acc.push(cur);return acc;}, []))",  "[제약], [경우]":"PAIRCHOOSE\t1\t짝수_[경우1], 홀수_[경우2], 소수_[경우3]\t",  "[경우의 수]":"EVAL\t[[경우]].length" }	하나의 주사위를 던졌을 때 사건은 [제약]의 눈이 나온다와 같은 결과에요. 경우의 수는 [제약]의 눈이 나오는 모든 가짓수를 의미하는데,  [제약]의 눈이 나오는 경우의 수를 구하기 위해서 먼저 전체 경우를 구해보면 1, 2, 3, 4, 5, 6이에요. 그 중에서 [제약]인 경우는 [경우]에요. 따라서 경우의 수는 [경우의 수]에요.	-	-	-				
경우의 수	277	(성질)사건 A 또는 사건 B가 일어나는 경우의 수	277	[사건 A] [A]개, [사건 B] [B]개 일때, [사건 A] 또는 [사건 B]를 선택하는 경우의 수 [사건 A]를 선택하는 경우의 수 = [A]개 [사건 B]를 선택하는 경우의 수 = #[B]#개 따라서 [사건 A] 또는 [사건 B]를 선택하는 경우의 수 = [A] #+# #[B]# = #[답]#	{ "[사건 A], [사건 B]":"PAIRCHOOSE\t1\t철수가 집까지 가는데 지하철_버스,영희가 옷을 고르는데 티셔츠_스웨터,명수가 커피를 마시려는데 뜨거운 커피_차가운 커피\t", "[A]":"NUM\tint\t2,6\t", "[B]":"NUM\tint\t2,6\t", "[답]":"EVAL\t[A]+[B]" }	[사건 A] [A]개, [사건 B] [B]개 일때, [사건 A] 또는 [사건 B]를 선택하는 경우의 수를 구해봐요. 먼저 [사건 A]를 선택하는 경우의 수 = [A]개이고 [사건 B]를 선택하는 경우의 수 = [B]개에요. 따라서 [사건 A] 또는 [사건 B]를 선택하는 경우의 수는 [A]와 [B]를 더한 [답]이에요.	-	-	-				
경우의 수	278	(성질)사건 A와 사건 B가 일어나는 경우의 수	278	[사건 A] [A]개, [사건 B] [B]개 일때, [사건 A]과 [사건 B]를 하나씩 선택하는 경우의 수 1. [사건 A]를 선택하는 경우의 수 = [A]개 2. [사건 B]를 선택하는 경우의 수 = #[B]#개 3. 따라서  [사건 A]과 [사건 B]를 하나씩 선택하는 경우의 수 = $[A] #\times# #[B]# = #[답]#$	{ "[사건 A], [사건 B]":"PAIRCHOOSE\t1\t수학책_과학책,연필_볼펜,이어폰_마우스,음료수병_음료\t", "[A]":"NUM\tint\t2,6\t", "[B]":"NUM\tint\t2,6\t", "[답]":"EVAL\t[A]*[B]" }	[사건 A] [A]개, [사건 B] [B]개 일때, [사건 A]과 [사건 B]를 하나씩 선택하는 경우의 수를 구해봐요. 먼저 [사건 A]를 선택하는 경우의 수는 [A]개이고 [사건 B]를 선택하는 경우의 수는 [B]개에요. 따라서  [사건 A]과 [사건 B]를 하나씩 선택하는 경우의 수는 [A]와 [B]를 곱한 [답]이에요.	-	-	-				
여러 가지 경우의 수	279	(성질)한 줄로 세우는 경우의 수	279	[사람리스트] N명을 일렬로 세우는 경우의 수 1. 맨 앞에 세울 수 있는 사람은 [N]명 2. 두 번째에 세울 수 있는 사람은 맨 앞에 세운 사람을 제외 한 #[N-1]#명 3. 마지막에 세울 수 있는 사람은  #1#명 4. 따라서 구하는 경우의 수는 $[N] \times #[N-1]# \times ... \times #1# = #[답]#$	{ "[N]":"NUM\t3,6\t", "[N-1]":EVAL\t[N]-1", "[사람리스트]": "CHOOSE\t[N]\t민준,서준,하준,도윤,주원,예준,서윤,서연,하윤,지유,지우,하은\t", "[답]":"EVAL\tvar ans=1;for(var i=1;i<=[N];i++)ans*=i" }	[사람리스트] N명을 일렬로 세우는 경우의 수를 구해봐요. 먼저 맨 앞에 세울 수 있는 사람은 [N]명이고 두 번째에 세울 수 있는 사람은 맨 앞에 세운 사람을 제외 한 [N-1]명이에요. 그리고 마지막에 세울 수 있는 사람은  1명에요. 따라서 구하는 경우의 수는 [N]부터 1까지 곱한 [답]이에요.	-	-	-				
여러 가지 경우의 수	280	(성질)자연수의 개수	280	[카드 물체] 중 [N]장을 뽑아 만들 수 있는 [N] 자리 자연수의 개수 [자리수]의 자리에 올 수 있는 숫자는 [M]개 그 다음 자리에 올 수 있는 숫자는 [자리수]의 자리에 온 숫자를 제외한 #[M-1]#개 ........ 일의 자리에 올 수 있는 숫자는 #[M-N+1]#개 따라서 구하는 자연수의 개수는 $[M] \times #[M-1]# \times ... \times #[M-N+1]# = #[답]#$	{ "[N], [자리수]": "PAIRCHOOSE\t1\t3_백,4_천\t", "[K]": "NUM\tint\t2,4\t", "[M]": "EVAL\t[N]+[K]", "[M-1]": "EVAL\t[M]-1", "[M-N+1]": "EVAL\t[M]-[N]+1", "[카드물체]":"CHOOSE\t1\t1에서 [M]까지의 숫자가 적힌 카드 [M]장\t", "[답]":"EVAL\tvar ans=1;for(var i=[M-N+1];i<=[M];i++)ans*=i" }	[카드 물체] 중 [N]장을 뽑아 만들 수 있는 [N] 자리 자연수의 개수를 구해봐요. 먼저 [자리수]의 자리에 올 수 있는 숫자는 [M]개이고 그 다음 자리에 올 수 있는 숫자는 [자리수]의 자리에 온 숫자를 제외한 [M-1]개이고 마지막으로 일의 자리에 올 수 있는 숫자는 [M-N+1]개에요. 따라서 구하는 자연수의 개수는 [M]부터 [M-N+1]까지 곱한 [답]이에요.	-	-	-				
여러 가지 경우의 수	281	(성질)대표를 뽑는 경우의 수	281	[사람리스트] N명 중 [직책1] 1명, [직책2] 1명을 뽑는 경우의 수 [직책1]이 될 수 있는 학생은 #[N]#명 [직책2]이 될 수 있는 학생은 [직책1]을 제외한 #[N-1]#명 따라서 구하는 경우의 수는 $[N] \times #[N-1]# = #[답]#$	{ "[N]":"NUM\tint\t4,7\t", "[N-1]":"EVAL\t[N]-1", "[사람리스트]": "CHOOSE\t[N]\t민준,서준,하준,도윤,주원,예준,서윤,서연,하윤,지유,지우,하은\t", "[직책1], [직책2]":"PAIRCHOOSE\t1\t회장_부회장,총무_서기,대표_부대표\t", "[답]":"EVAL\t[N]*[N-1]" }	[사람리스트] N명 중 [직책1] 1명, [직책2] 1명을 뽑는 경우의 수를 구해봐요. 먼저 [직책1]이 될 수 있는 학생은 [N]명이고요 [직책2]이 될 수 있는 학생은 [직책1]을 제외한 [N-1]명이에요. 따라서 구하는 경우의 수는 [N]곱하기[N-1]은 [답]이에요.	-	-	-				
확률의 뜻과 성질	282	(정의)확률	282	주사위 1개를 던져서 [제약]의 눈이 나오는 확률 전체 경우의 수는 #6# 주사위 1개를 던져서 [제약]의 눈이 나오는 경우의 수는 #[경우의 수]# 따라서 주사위 1개를 던져서 [제약]의 눈이 나오는 확률은 $\frac{#[경우의 수]#}{#6#}$	{ "[경우1]":"EVAL\tString([1,2,3,4,5,6].reduce(function(acc,cur){if(cur%2==0) acc.push(cur); return acc;}, []))",  "[경우2]":"EVAL\tString([1,2,3,4,5,6].reduce(function(acc,cur){if(cur%2!=0) acc.push(cur); return acc;}, []))",  "[경우3]":"EVAL\tString([1,2,3,4,5,6].reduce(function(acc,cur){if(cur==1) return acc;for(var i=2;i<=cur/2;i++){if(cur%i==0)return acc;}acc.push(cur);return acc;}, []))",  "[제약], [경우]":"PAIRCHOOSE\t1\t짝수_[경우1], 홀수_[경우2], 소수_[경우3]\t",  "[경우의 수]":"EVAL\t[[경우]].length" }	주사위 1개를 던져서 [제약]의 눈이 나오는 확률을 구해봐요. 먼저 주사위 1개를 던졌을 때 전체 경우의 수는 6이고 주사위 1개를 던져서 [제약]의 눈이 나오는 경우의 수는 [경우의 수]에요. 따라서 주사위 1개를 던져서 [제약]의 눈이 나오는 확률은 [경우의 수]분의6이에요.	-	-	-				
확률의 뜻과 성질	283	없애버림					-	-	-				
확률의 뜻과 성질	284	(성질)확률의 기본 성질	284	[절대 일어나지 않는 사건]는 절대 일어나지 않는 사건이고, 그 확률은 #0# [반드시 일어나는 사건]는 반드시 일어나는 사건이고, 그 확률은 #1# 따라서 일반적으로 어떤 사건이 일어날 확률은 #0이상 1이하#	{"[절대 일어나지 않는 사건], [반드시 일어나는 사건]":"PAIRCHOOSE\t1\t검은공만 있는 주머니에서 흰공이 나온다._검은공만 있는 주머니에서 검은공이 나온다.,주사위를 던졌을 때 7의 눈이 나온다._주사위를 던졌을 때 1이상 6이하의 눈이 나온다.\t"	[절대 일어나지 않는 사건]는 절대 일어나지 않는 사건이므로, 그 확률은 0이에요. [반드시 일어나는 사건]는 반드시 일어나는 사건이므로, 그 확률은 1이에요. 따라서 일반적으로 어떤 사건이 일어날 확률은 0이상 1이하에요.	-	-	-				
확률의 뜻과 성질	285	(성질)어떤 사건이 일어나지 않은 확률	285	[사건의 확률]이 [p]라고 할때, [사건이 일어나지 않을 확률] [사건이 일어나지 않을 확률] = #1#-[사건의 확률] = #1-[p]# = #[답]#	{ "[사건의 확률], [사건이 일어나지 않을 확률]":"PAIRCHOOSE\t1\t민경이가 어떤 시험에서 합격할 확률_그 시험에서 불합격할 확률,내일 비가 올 확률_내일 비가 오지 않을 확률,민수가 화살을 쏠 때 과녁에 명중시킬 확률_명중시키지 못할 확률\t", "[p]":"NUM\tDec\t0,1\t", "[답]":"EVAL\t1-[p]" }	[사건의 확률]이 [p]라고 할때 [사건이 일어나지 않을 확률]을 구해봐요. [사건이 일어나지 않을 확률]은 1에서 [사건의 확률]을 뺀값이에요. 따라서 1에서 [p]를 뺀 [답]이에요.	-	-	-				
확률의 계산	286	(성질)사건 A 또는 사건 B가 일어날 확률	286	주사위 1개를 던질 때, [사건 A] 또는 [사건 B]의 눈이 나올 확률 [사건 A]의 눈이 나올 확률 = #[A]의 [A']가지이므로 $\frac{[A']}{6}$# [사건 B]의 눈이 나올 확률 = #[B]의 [B']가지이므로 $\frac{[B']}{6}$# 따라서 [A] 또는 [B]의 눈이 나올 확률 = $#\frac{[A']}{6}# + #\frac{[B']}{6}# = #\frac{[답]}{6}#$	{  "[경우1]":"EVAL\tString([1,2,3,4,5,6].reduce(function(acc,cur){if(cur%2==0) acc.push(cur); return acc;}, []))",  "[경우2]":"EVAL\tString([1,2,3,4,5,6].reduce(function(acc,cur){if(cur%3==0) acc.push(cur); return acc;}, []))",  "[경우3]":"EVAL\tString([1,2,3,4,5,6].reduce(function(acc,cur){if(cur<=4&&cur>=2) acc.push(cur); return acc;}, []))",  "[경우4]":"EVAL\tString([1,2,3,4,5,6].reduce(function(acc,cur){if(cur<2) acc.push(cur); return acc;}, []))",  "[경우5]":"EVAL\tString([1,2,3,4,5,6].reduce(function(acc,cur){if(cur%5==0) acc.push(cur); return acc;}, []))",  "[사건 A], [A]":"PAIRCHOOSE\t1\t짝수_[경우1], 3의 배수_[경우2], 2이상 4이하_[경우3]\t",  "[A']":"EVAL\t[[A]].length",  "[사건 B], [B]":"PAIRCHOOSE\t1\t2미만_[경우4], 5의 배수_[경우5]\t",  "[B']":"EVAL\t[[B]].length",  "[답]":"EVAL\t[A']+[B']" }	주사위 1개를 던질 때, [사건 A] 또는 [사건 B]의 눈이 나올 확률을 구해봐요. 먼저 [사건 A]의 눈이 나올 확률은 [A]의 [A']가지이므로 6분의 [A']이에요. 다음으로 [사건 B]의 눈이 나올 확률은 [B]의 [B']가지이므로 6분의 [B']이에요. 따라서 [A] 또는 [B]의 눈이 나올 확률은 6분의 [A'] 더하기 6분의 [B']으로 6분의 [답]이에요.	-	-	-				
확률의 계산	287	(성질)두 사건 A와 B가 동시에 일어날 확률	287	두 사람 [사람1], [사람2]가 [확률]이 각각 [A], [B]일 때, [사람1], [사람2]가 모두 [확률] [사람1]이가 [확률] = [A] [사람2]가 [확률] = [B] 따라서 [사람1], [사람2]가 모두 [확률] $= #[A]\times [B]# = #[답]#$	{  "[사람1], [사람2]":"PAIRCHOOSE\t1\t민경_민수,근형_두희,민국_만세,남욱_영희\t",  "[확률]":"CHOOSE\t1\t과녁을 명중시킬 확률,수학 문제를 맞힐 확률,로또에 당첨될 확률,네잎클로버를 한번에 찾을 확률\t",  "[A]":"NUM\tDec\t0,1\t",  "[B]":"NUM\tDec\t0,1\t",  "[답]":"EVAL\t[A]*[B] }	두 사람 [사람1], [사람2]가 [확률]이 각각 [A], [B]일 때, [사람1], [사람2]가 모두 [확률]을 구해봐요. 먼저 [사람1]이가 [확률]은 [A]이고 [사람2]가 [확률]은 [B]에요. 따라서 [사람1], [사람2]가 모두 [확률]은 [A] 곱하기 [B]로 [답]이에요.	-	-	-				
여러 가지 확률	288	(성질)꺼낸 것을 다시 넣는 경우	288	주머니 속에 [M]개의 당첨 제비를 포함하여 [N]개의 제비가 들어있다. 연속하여 1개씩 두 번 뽑을 때, 첫 번째 제비 [제약1] 제비, 두 번째 제비 [제약2] 제비일 확률(단, 뽑은 제비는 다시 넣는다.) 첫 번째 제비를 뽑을 때, [제약1] 제비를 뽑을 확률은 $#\frac{[경우의 수1]}{[N]}#=#[답1]#$ 뽑은 제비를 다시 넣으므로 전체 경우의 수는 변하지 않게된다. 따라서 다음 번 제비에 [제약2] 제비를 뽑을 확률은 $#\frac{[경우의 수2]}{[N]}#=#[답2]#$ 따라서 구하는 확률은 $#[답1] \times [답2]# = #[답]#$	{ "[N]":"NUM\tint\t4,12\t", "[M]":"NUM\tint\t2,[N]\t", "[비당첨]":"EVAL\t[N]-[M], "[제약1],[경우의 수1]":"PAIRCHOOSE\t1\t당첨_[M],비당첨_[비당첨]\t", "[제약2],[경우의 수2]":"PAIRCHOOSE\t1\t당첨_[M],비당첨_[비당첨]\t", "[답1]":"EVAL\t[경우의 수1]/[N]", "[답2]":"EVAL\t[경우의 수2]/[N]", "[답]":"EVAL\t[답1]*[답2]" }	주머니 속에 [M]개의 당첨 제비를 포함하여 [N]개의 제비가 들어있어요. 연속하여 1개씩 두 번 뽑을 때, 첫 번째 제비는 [제약1]제비이고 두 번째 제비는 [제약2]제비일 확률을 구해봐요. 단, 뽑은 제비는 다시 넣는다는 조건이 있다는 점을 유의하면서 먼저 첫 번째 제비를 뽑을 때, [제약1] 제비를 뽑을 확률을 구해보면 [경우의 수1]나누기[N]이므로 [답1]이에요. 뽑은 제비를 다시 넣으므로 전체 경우의 수는 변하지 않게 되요. 따라서 다음 번 제비에 [제약2] 제비를 뽑을 확률을 구해보면 [경우의 수2]나누기[N]이므로 [답2]에요. 따라서 구하는 확률은 [답1]곱하기[답2]는 [답]이에요.	-	-	-				
여러 가지 확률	289	(성질)꺼낸 것을 다시 넣지 않는 경우	289	주머니 속에 [M]개의 당첨 제비를 포함하여 [N]개의 제비가 들어있다. 연속하여 1개씩 두 번 뽑을 때, 첫 번째 제비 [제약1] 제비, 두 번째 제비 [제약2] 제비일 확률(단, 뽑은 제비는 다시 넣지 않는다.) 첫 번째 제비를 뽑을 때, [제약1] 제비를 뽑을 확률은 $#\frac{[경우의 수1]}{[N]}#=#[답1]#$ 뽑은 제비를 다시 넣지 않으므로 전체 경우의 수는 변하게 된다. 따라서 다음 번 제비에 [제약2] 제비를 뽑을 확률은 $#\frac{[경우의 수2]}{[N-1]}#=#[답2]#$ 따라서 구하는 확률은 $#[답1] \times [답2]#=#[답]#$	{ "[N]":"NUM\tint\t4,12\t", "[N-1]":"EVAL\t[N]-1", "[M]":"NUM\tint\t2,[N]\t", "[M-1]":"EVAL\t[M]-1", "[제약1],[경우의 수1]":"PAIRCHOOSE\t1\t당첨_[M]\t", "[비당첨]":"EVAL\t[N-1]-[M-1], "[제약2],[경우의 수2]":"PAIRCHOOSE\t1\t당첨_[M-1],비당첨_[비당첨]\t", "[답1]":"EVAL\t[경우의 수1]/[N]", "[답2]":"EVAL\t[경우의 수2]/[N-1]", "[답]":"EVAL\t[답1]*[답2]" }	주머니 속에 [M]개의 당첨 제비를 포함하여 [N]개의 제비가 들어있어요. 연속하여 1개씩 두 번 뽑을 때, 첫 번째 제비는 [제약1]제비이고 두 번째 제비는 [제약2]제비일 확률을 구해봐요. 단, 뽑은 제비는 다시 넣지 않는다는 조건이 있다는 점을 유의하면서 먼저 첫 번째 제비를 뽑을 때, [제약1] 제비를 뽑을 확률을 구해보면 [경우의 수1]나누기[N]이므로 [답1]이에요. 뽑은 제비를 다시 넣지 않으므로 전체 경우의 수는 변하게 되요. 따라서 다음 번 제비에 [제약2] 제비를 뽑을 확률을 구해보면 [경우의 수2]나누기[N-1]이므로 [답2]에요. 따라서 구하는 확률은 [답1]곱하기[답2]는 [답]이에요.	-	-	-				
여러 가지 확률	290	(성질)도형에서의 확률	290	-	-	-	-	-	-				
제곱근	291	(정의)제곱근	291	-	-	-	-	-	-				
제곱근	292	(성질)제곱근의 개수	292	-	-	-	-	-	-				
제곱근	293	(성질)제곱근의표현	293	-	-	-	-	-	-				
제곱근	294	(성질)제곱근의 대소 관계	294	-	-	-	-	-	-				
무리수와 실수	295	(정의)무리수	295	-	-	-	-	-	-				
무리수와 실수	296	(성질)실수의분류	296	-	-	-	-	-	-				
무리수와 실수	297	(성질)실수와수직선	297	-	-	-	-	-	-				
무리수와 실수	298	(성질)수직선을 이용한 실수의 대소 관계	298	-	-	-	-	-	-				
무리수와 실수	299	(성질)뺄셈을 이용한 실수의 대소 관계	299	-	-	-	-	-	-				
무리수와 실수	300	(성질) 세 실수의 대소 관계	300	영근시작	-	-	-	-	-				
제곱근의 곱셈과 나눗셈	301	(성질)제곱근의 곱셈	301	-	-	-	-	-	-				
제곱근의 곱셈과 나눗셈	302	(성질)제곱근의 나눗셈	302	-	-	-	-	-	-				
제곱근의 곱셈과 나눗셈	303	(성질)근호가 있는 식의 변형	303	-	-	-	-	-	-				
분모의 유리화	304	(정의)분모의 유리화	304	-	-	-	-	-	-				
분모의 유리화	305	(성질) 분모를 유리화하는 방법	305	-	-	-	-	-	-				
제곱근의 덧셈과 뺄셈	306	(성질)제곱근의 덧셈과 뺄셈	306	-	-	-	-	-	-				
제곱근의 덧셈과 뺄셈	307	(성질)근호를 포함한 식의 분배법칙	307	-	-	-	-	-	-				
제곱근의 덧셈과 뺄셈	308	(과정)근호를 포함한 복잡한 식의 계산	308	-	-	-	-	-	-				
제곱근의 값	309	(정의+성질)제곱근표	309	-	-	-	-	-	-				
제곱근의 값	310	(성질)제곱근표에 없는 제곱근의 값	310	-	-	-	-	-	-				
곱셈 공식	311	(정의)다항식과 다항식의 곱셈	311	-	-	-	-	-	-				
곱셈 공식	312	(정의)곱셈 공식(1)	312	-	-	-	-	-	-				
곱셈 공식	313	(정의)곱셈 공식(2)	313	-	-	-	-	-	-				
곱셈 공식	314	(정의)곱셈 공식(3)	314	-	-	-	-	-	-				
곱셈 공식	315	(정의)곱셈 공식(4)	315	-	-	-	-	-	-				
곱셈 공식	316	(정의)곱셈 공식(5)	316	-	-	-	-	-	-				
곱셈 공식의 활용	317	(성질) 곱셈 공식을 이용한 수의 계산	317	-	-	-	-	-	-				
곱셈 공식의 활용	318	(성질) 분모의 유리화	318	-	-	-	-	-	-				
곱셈 공식의 활용	319	(성질) 곱셈 공식의 변형	319	-	-	-	-	-	-				
인수분해	320	(정의)인수	320	-	-	-	-	-	-				
인수분해	321	(정의)인수분해	321	-	-	-	-	-	-				
인수분해	322	(정의)인수분해 공식(1)	322	-	-	-	-	-	-				
인수분해	323	(정의)인수분해 공식(2)	323	-	-	-	-	-	-				
인수분해	324	(정의)인수분해 공식(3)	324	-	-	-	-	-	-				
인수분해	325	(정의)인수분해 공식(4)	325	은지시작	-	-	-	-	-				
복잡한 식의 인수분해	326	(성질)공통부분을 한 문자로 치환하여 인수분해하기	326	-	-	-	-	-	-				
복잡한 식의 인수분해	327	(성질)항이 4개인 다항식의 인수분해	327	-	-	-	-	-	-				
인수분해 공식의 활용	328	(성질)공통인수를 이용한 수의 계산	328	-	-	-	-	-	-				
인수분해 공식의 활용	329	(성질)완전제곱식 이용	329	-	-	-	-	-	-				
인수분해 공식의 활용	330	(성질)제곱의 차를 이용한 수의 계산	330	-	-	-	-	-	-				
인수분해 공식의 활용	331	(성질)인수분해를 이용한 식의 값	331	-	-	-	-	-	-				
이차방정식	332	(정의)이차방정식	332	-	-	-	-	-	-				
이차방정식	333	(정의)이차방정식의 해	333	-	-	-	-	-	-				
인수분해를 이용한 이차방정식의 풀이	334	(성질)AB=0의 성질	334	-	-	-	-	-	-				
인수분해를 이용한 이차방정식의 풀이	335	(과정)인수분해를 이용한 이차방정식의 풀이	335	-	-	-	-	-	-				
인수분해를 이용한 이차방정식의 풀이	336	(정의)중근	336	-	-	-	-	-	-				
제곱근과 완전 제곱식을 이용한 이차방정식의 풀이	337	(과정)제곱근을 이용한 이차방정식의 풀이	337	-	-	-	-	-	-				
제곱근과 완전 제곱식을 이용한 이차방정식의 풀이	338	(과정)완전제곱식을 이용한 이차방정식의 풀이	338	-	-	-	-	-	-				
이차방정식의 근의 공식	339	(정의)이차방정식의 근의 공식	339	-	-	-	-	-	-				
이차방정식의 근의 공식	340	(성질)이차방정식의 근의 개수	340	-	-	-	-	-	-				
복잡한 이차방정식의 풀이	341	(성질)괄호가 있는 경우	341	-	-	-	-	-	-				
복잡한 이차방정식의 풀이	342	(성질)계수가 소수 또는 분수인 경우	342	-	-	-	-	-	-				
이차방정식 구하기	343	(정의)서로 다른 두근을 가지는 이차방정식	343	-	-	-	-	-	-				
이차방정식 구하기	344	(정의)중근을 가지는 이차방정식	344	-	-	-	-	-	-				
이차방정식 구하기	345	(정의)계수가 유리수이고 한 근이 무리수인 이차방정식	345	-	-	-	-	-	-				
이차방정식의 활용	346	(과정)이차방정식의 활용 풀이	346	-	-	-	-	-	-				
이차함수	347	(정의)이차함수	347	-	-	-	-	-	-				
이차함수 y=ax^2의 그래프	348	(성질)이차함수 y=x^2의 그래프의 성질	348	-	-	-	-	-	-				
이차함수 y=ax^2의 그래프	349	(성질)이차함수 y=ax^2의 그래프의 성질	349	은지끝	-	-	-	-	-				
이차함수 y=a(x-p)^2+q의 그래프	350	(성질)이차함수 y=ax^2+q의 그래프의 성질	350	-	-	-	-	-	-				
이차함수 y=a(x-p)^2+q의 그래프	351	(성질)이차함수 y=a(x-p)^2의 그래프의 성질	351	-	-	-	-	-	-				
이차함수 y=a(x-p)^2+q의 그래프	352	(성질)이차함수 y=a(x-p)^2+q의 그래프의 성질	352	-	-	-	-	-	-				
이차함수 y=ax^2+bx+c의 그래프	353	(성질)이차함수 y=ax^2+bx+c의 그래프	353	-	-	-	-	-	-				
이차함수 y=ax^2+bx+c의 그래프	354	(성질)이차함수 y=ax^2+bx+c의 그래프와 x축, y축과의 교점	354	-	-	-	-	-	-				
이차함수 y=ax^2+bx+c의 그래프	355	(성질)이차함수 y=ax^2+bx+c의 그래프에서 a의 부호	355	-	-	-	-	-	-				
이차함수 y=ax^2+bx+c의 그래프	356	(성질)이차함수 y=ax^2+bx+c의 그래프에서 b의 부호	356	-	-	-	-	-	-				
이차함수 y=ax^2+bx+c의 그래프	357	(성질)이차함수 y=ax^2+bx+c의 그래프에서 c의 부호	357	-	-	-	-	-	-				
이차함수의 식 구하기	358	(과정)꼭짓점의 좌표 (p, q)와 그래프 위의 한 점의 좌표를 알 때	358	-	-	-	-	-	-				
이차함수의 식 구하기	359	(과정)축의 방정식 x=p와 그래프 위의 서로 다른 두 점의 좌표를 알 때	359	-	-	-	-	-	-				
이차함수의 식 구하기	360	(과정)그래프 위의 서로 다른 세 점의 좌표를 알 때	360	-	-	-	-	-	-				
이차함수의 식 구하기	361	(과정)x축과의 교점 (a, 0), (b, 0)과 그래프 위의 한 점의 좌표를 알 때	361	-	-	-	-	-	-				
이차함수의 활용	362	(과정)이차함수의 활용	362	-	-	-	-	-	-				
삼각비	363	(정의)삼각비	363	-	-	-	-	-	-				
삼각비	364	(정의)삼각비의 값	364	-	-	-	-	-	-				
삼각비	365	(성질)예각의 삼각비의 값	365	-	-	-	-	-	-				
삼각비	366	(성질)0도와 90도의 삼각비의 값	366	-	-	-	-	-	-				
삼각비	367	(정의)삼각비의 표	367	-	-	-	-	-	-				
삼각비	368	(과정)삼각비의 표 보는 방법	368	-	-	-	-	-	-				
삼각비의 활용	369	(성질)일반 삼각형의 변의 길이	369	-	-	-	-	-	-				
삼각비의 활용	370	(성질)삼각형의 높이	370	-	-	-	-	-	-				
삼각비의 활용	371	(성질)삼각형의 넓이	371	-	-	-	-	-	-				
삼각비의 활용	372	(성질)사각형의 넓이	372	형기끝	-	-	-	-	-				
원의 현	373	(성질)현에 내린 수선	373	-	-	-	-	-	-				
원의 현	374	(성질)현의 수직이등분선	374	-	-	-	-	-	-				
원의 현	375	(성질)두 현의 길이	375	-	-	-	-	-	-				
원의 현	376	(성질)길이가 같은 두 현	376	-	-	-	-	-	-				
원의 접선	377	(정의)원의 접선의 길이	377	-	-	-	-	-	-				
원의 접선	378	(성질)원의 접선	378	-	-	-	-	-	-				
삼각형의 내접원	379	(성질)삼각형의 내접원	379	-	-	-	-	-	-				
삼각형의 내접원	380	(성질)원에 외접하는 사각형의 성질	380	-	-	-	-	-	-				
원주각	381	(정의)원주각	381	-	-	-	-	-	-				
원주각	382	(성질)원주각과 중심각 사이의 관계	382	-	-	-	-	-	-				
원주각	383	(성질)원주각	383	-	-	-	-	-	-				
원주각의 크기와 호의 길이	384	(성질)원주각의 크기와 호의 길이	384	-	-	-	-	-	-				
원주각의 크기와 호의 길이	385	(성질)네 점이 한 원 위에 있을 조건	385	-	-	-	-	-	-				
원주각의 활용	386	(성질)원에 내접하는 사각형의 성질	386	-	-	-	-	-	-				
원주각의 활용	387	(성질)사각형이 원에 내접하기 위한 조건	387	-	-	-	-	-	-				
원주각의 활용	388	(성질)전섭과 현이 이루는 각	388	-	-	-	-	-	-				
원주각의 활용	389	(성질)두 원에서 접선과 현이 이루는 각	389	-	-	-	-	-	-				
대푯값	390	(정의+성질)대푯값+평균	390	자료 [자료]의 평균 = $\frac{[합]}{[개수]} = [답]$	{  "[개수]":"CHOOSE\t1\t5\t",  "[자료]":"SAMPLE\t[개수]\tUni(2,10)\tnodup",  "[합]":"EVAL\teval(([[자료]]).join('+'))",  "[답]":"EVAL\t[합]/[개수]" }	평균은 변량의 총합을 변랑의 개수로 나눈 값이므로 [합]을 [개수]로 나누면 [답]에요.	-	-	-				
대푯값	391	없애버림					-	-	-				
대푯값	392	(정의+성질2)중앙값	392	자료 [자료]의 중앙값 = [중앙값]	{  "[자료]":"SAMPLE\t5\tUni(2,10)\tnodup",  "[중앙값]":"EVAL\t([[자료]].sort()[2])" }	중앙값은 자료의 변량을 작은 값부터 크기 순으로 나열할 때 중앙에 위치하는 값으로 [중앙값]에요.	-	-	-				
대푯값	393	(정의+성질2)최빈값	393	자료 [자료]의 최빈값 = [최빈값]	{  "[자료]":"SAMPLE\t5\tUni(2,6)\t",  "[최빈값]":"EVAL\tvar list=[[자료]].reduce(function(countMap, word){countMap[word] = ++countMap[word] || 1;return countMap;}, {}); var sorted = Object.keys(list).sort(function(n,m){return list[m]-list[n];}); if(list[sorted[0]]==list[sorted[1]]) var ret = String(sorted[0]+', '+sorted[1]); else var ret=sorted[0]; ret;" }	최빈값은 자료의 변량 중에서 가장 많이 나타나는 값으로 [최빈값]에요.	-	-	-				
산포도	394	(정의+성질)산포도	394	-	-	-	-	-	-				
산포도	395	(정의+성질)편차	395	평균 = [평균] 	{  "[자료]":"SAMPLE\t5\tUni(2,10)\t",  "[평균]":"EVAL\teval(([[자료]]).join('+'))/5" }	편차는 자료의 각 변량에서 평균을 뺀 값인데, 평균이 [평균]이므로, 각 편차는 다음과 같아요.	-	-	-				
산포도	396	(정의2)분산과 표준편차 1.분산 2.표준편차	396	자료의 편차가 [자료]일때  분산 = $\frac{[합]}{[개수]}=[분산]$,  표준편차 = $\sqrt{[분산]}$	{  "[개수]":"CHOOSE\t1\t5\t",  "[자료]":"SAMPLE\t[개수]\tUni(-5,6)\tsum(0)",  "[합]":"EVAL\teval(([[자료]].map(function(n){return n*n})).join('+'))",  "[분산]":"EVAL\t[합]/[개수]" }	분산은 편차의 제곱의 총합을 변량의 개수로 나눈 값이므로 [합]을 [개수]로 나누면 [분산]에요. 표준편차는 분산의 양의 제곱근이므로 제곱근을 구하면 루트 [분산]이에요.	-	-	-				
산점도와 상관관계	397	(정의)산점도	397	[제목1] x와 [제목2] y에 대한 산점도	{ "[공통]":"CHOOSE\t1\t학생\t", "[개수]":"NUM\tint\t4,8\t", "[제목1],[제목2],[단위],[최소]":"PAIRCHOOSE\t1\t1학년_2학년_반_1\t", "[자료1]":"SAMPLE\t[개수]\tUni([최소],8)\t", "[자료2]":"SAMPLE\t[개수]\tUni([최소],8)\t" }	다음와 같이 두 변량 [제목1], [제목2]가 주어졌을 때, x축을 [제목1]으로 하고, y축을 [제목2]으로 하는 좌표평면 위에 나타낸 그림을 산점도라고 해요.	-	-	-				
산점도와 상관관계	398	(정의)상관관계	398	상관 관계가 있다[이미지]	{  "[이미지]":"path" }	다음과 같이 x의 값이 커짐에 따라 y의 값이 커지거나 작아지는 관계를 상관관계라고 해요.	-	-	-				
산점도와 상관관계	399	(성질)상관관계	399	양의 상관관계 [이미지] [x]와[y] 음의 상관관계 [이미지] [x]와[y] 상관관계가 없다 [이미지]	{  "[이미지1]":"path1",  "[x], [y]":"PAIRCHOOSE\t1\t사람의 키_몸무게, 도시의 인구_교통량\t",  "[이미지2]":"path2",  "[x], [y]":"PAIRCHOOSE\t1\t산의 높이_온도, 수학 문제 난이도_정답률\t",  "[이미지3]":"path3" }	[x]가 커짐에 따라 [y]도 커지므로 양의 상관관계가 있어요. [x]가 커짐에 따라 [y]는 작아지므로 음의 상관관계가 있어요. x의 값이 커짐에 따라 y의 값이 커지거나 작아지는 경향이 분명하지 않으므로 상관 관계가 없다고해요.	-	-	-				